{
  "AXIOM-CRYPT v3": {
    "1 KB": {
      "enc": 0.6547550600000704,
      "dec": 0.40198573999998644,
      "size_overhead": 6416,
      "ct_size": 7440,
      "ok": true
    },
    "10 KB": {
      "enc": 1.058812775999968,
      "dec": 0.5155360560000872,
      "size_overhead": 61712,
      "ct_size": 71952,
      "ok": true
    },
    "100 KB": {
      "enc": 0.45583175100000517,
      "dec": 0.39766963800002486,
      "size_overhead": 614672,
      "ct_size": 717072,
      "ok": true
    },
    "1 MB": {
      "enc": 0.4353073449999556,
      "dec": 0.33780933900004584,
      "size_overhead": 6291728,
      "ct_size": 7340304,
      "ok": true
    }
  },
  "OpenSSL AES-256-GCM": {
    "1 KB": {
      "enc": 0.2532209513333707,
      "dec": 0.2894960103333612,
      "size_overhead": 32,
      "ct_size": 1056,
      "ok": true
    },
    "10 KB": {
      "enc": 0.3150726123333243,
      "dec": 0.31229529266670397,
      "size_overhead": 32,
      "ct_size": 10272,
      "ok": true
    },
    "100 KB": {
      "enc": 0.25640060166669326,
      "dec": 0.4647127293332763,
      "size_overhead": 32,
      "ct_size": 102432,
      "ok": true
    },
    "1 MB": {
      "enc": 0.20664187266667491,
      "dec": 0.20470095133331748,
      "size_overhead": 32,
      "ct_size": 1048608,
      "ok": true
    }
  },
  "OpenSSL AES-256-CBC": {
    "1 KB": {
      "enc": 0.3349283339999829,
      "dec": 0.397608557666634,
      "size_overhead": 32,
      "ct_size": 1056,
      "ok": true
    },
    "10 KB": {
      "enc": 0.21456240800000614,
      "dec": 0.218542354999992,
      "size_overhead": 32,
      "ct_size": 10272,
      "ok": true
    },
    "100 KB": {
      "enc": 0.24901351433330396,
      "dec": 0.19043907166663607,
      "size_overhead": 32,
      "ct_size": 102432,
      "ok": true
    },
    "1 MB": {
      "enc": 0.2977802169999677,
      "dec": 0.2813065506666514,
      "size_overhead": 32,
      "ct_size": 1048608,
      "ok": true
    }
  },
  "GPG AES-256": {
    "1 KB": {
      "enc": 0.3537016576666853,
      "dec": 0.12197343566667011,
      "size_overhead": -896,
      "ct_size": 128,
      "ok": true
    },
    "10 KB": {
      "enc": 0.012270239666653046,
      "dec": 0.009635319333331912,
      "size_overhead": -10056,
      "ct_size": 184,
      "ok": true
    },
    "100 KB": {
      "enc": 0.01140216399998432,
      "dec": 0.01262338966663871,
      "size_overhead": -101990,
      "ct_size": 410,
      "ok": true
    },
    "1 MB": {
      "enc": 0.06245681899997635,
      "dec": 0.029391554666669133,
      "size_overhead": -1045871,
      "ct_size": 2705,
      "ok": true
    }
  },
  "age (X25519)": {
    "1 KB": {
      "ok": false
    },
    "10 KB": {
      "ok": false
    },
    "100 KB": {
      "ok": false
    },
    "1 MB": {
      "ok": false
    }
  }
}